{"cameraMode":{"drawMode":0,"name":"Shaded","section":"Shading Mode"},"sceneLighting":true,"audioPlay":false,"sceneViewState":{"showFog":true,"showMaterialUpdate":false,"showSkybox":false,"showFlares":true,"showImageEffects":true,"showParticleSystems":true},"in2DMode":false,"pivot":{"x":12.839705467224121,"y":3.080988883972168,"z":1.358139991760254},"rotation":{"x":0.1251356154680252,"y":0.11424344033002854,"z":-0.014541263692080975,"w":0.9854618310928345},"size":17.946924209594728,"orthographic":false}