{"cameraMode":{"drawMode":0,"name":"Shaded","section":"Shading Mode"},"sceneLighting":false,"audioPlay":false,"sceneViewState":{"showFog":true,"showMaterialUpdate":false,"showSkybox":false,"showFlares":true,"showImageEffects":true,"showParticleSystems":true},"in2DMode":false,"pivot":{"x":-1.254570722579956,"y":2.403704881668091,"z":-1.1920928955078126e-7},"rotation":{"x":-0.1738463193178177,"y":0.10818149894475937,"z":-0.019217876717448236,"w":-0.9786229133605957},"size":7.788300514221191,"orthographic":false}